Attendance,CAT1_Score,CAT2_Score,CAT_Average,Assignment_Score,Assignments_Submitted,Final_Exam,Performance
82,21.4,21.7,21.55,64.1,76.6,42.8,Pass
72,11.7,18.2,14.95,70.9,70.5,38.7,Pass
84,17.7,16.1,16.9,67.0,78.6,43.3,Pass
97,18.2,16.0,17.1,75.5,100.0,49.7,Pass
71,11.8,10.9,11.35,88.5,55.8,28.1,At Risk
71,12.5,9.7,11.1,84.5,58.6,39.2,At Risk
98,21.9,23.4,22.65,63.6,80.6,36.2,Pass
86,15.4,22.9,19.15,84.4,86.4,44.2,Pass
67,19.3,21.6,20.45,76.5,71.0,42.0,At Risk
83,12.5,12.5,12.5,59.4,80.1,40.9,Pass
68,12.3,12.1,12.2,77.0,74.6,35.7,At Risk
68,11.1,5.8,8.45,85.7,51.0,23.6,Fail
78,23.0,27.5,25.25,57.7,88.0,44.9,Pass
46,8.7,9.4,9.05,47.4,59.3,25.7,Fail
49,13.7,14.0,13.85,71.8,54.0,32.7,Fail
66,5.3,19.1,12.2,69.7,78.9,30.9,At Risk
59,12.3,14.5,13.4,70.2,38.6,31.6,Fail
79,20.4,18.4,19.4,75.7,66.9,50.2,Pass
61,11.9,11.2,11.55,69.1,49.5,29.5,Fail
53,14.8,20.4,17.6,45.3,57.3,35.1,Fail
96,17.7,19.2,18.45,91.0,76.1,62.8,Pass
71,21.0,16.2,18.6,82.4,72.9,35.6,Pass
76,26.7,30.0,28.35,67.6,83.3,43.9,Pass
53,7.7,6.0,6.85,60.7,57.0,29.4,Fail
66,10.5,19.0,14.75,48.0,63.9,31.1,At Risk
76,22.5,27.8,25.15,76.6,59.7,50.3,Pass
57,18.4,17.6,18.0,69.7,45.0,34.7,Fail
80,13.6,19.7,16.65,71.3,85.5,41.0,Pass
65,10.4,11.7,11.05,79.5,68.0,43.4,At Risk
70,12.3,16.7,14.5,64.0,64.1,42.1,Pass
65,5.8,8.7,7.25,72.8,56.1,33.9,At Risk
100,16.7,14.3,15.5,67.8,69.7,36.4,Pass
74,9.7,8.1,8.9,69.3,57.2,25.2,Fail
59,7.2,12.3,9.75,61.5,74.3,12.3,Fail
87,17.8,17.5,17.65,77.5,66.1,40.9,Pass
56,11.4,10.8,11.1,58.0,54.5,35.7,Fail
78,23.5,20.7,22.1,69.6,81.4,51.4,Pass
45,2.5,5.2,3.85,67.9,30.7,19.0,Fail
55,14.9,24.2,19.55,56.8,53.6,39.4,Fail
77,14.4,11.1,12.75,51.5,79.8,31.3,At Risk
86,17.5,18.6,18.05,95.4,78.2,49.0,Pass
77,18.9,25.5,22.2,87.4,99.1,54.6,Pass
73,8.9,9.6,9.25,53.7,50.4,21.1,Fail
70,15.7,18.5,17.1,76.3,75.1,43.4,Pass
52,10.1,6.9,8.5,54.8,47.5,31.4,Fail
64,14.7,17.4,16.05,68.8,67.1,35.9,Fail
68,14.7,15.0,14.85,70.7,67.2,42.2,At Risk
90,30.0,30.0,30.0,73.2,74.2,70.0,Pass
80,13.1,18.8,15.95,62.6,75.3,40.2,Pass
48,5.6,17.0,11.3,50.9,27.2,30.2,Fail
79,12.9,16.2,14.55,60.6,78.2,34.4,At Risk
69,10.7,13.0,11.85,57.6,66.6,34.5,At Risk
64,9.1,10.9,10.0,64.8,65.8,33.7,Fail
84,23.2,22.8,23.0,65.0,87.0,51.3,Pass
90,25.9,28.3,27.1,84.2,85.2,51.9,Pass
88,15.4,15.2,15.3,93.0,81.3,46.0,Pass
62,7.6,9.3,8.45,57.8,48.9,36.8,Fail
70,16.1,22.4,19.25,70.9,57.4,46.2,Pass
79,13.2,10.2,11.7,77.6,84.0,43.0,At Risk
89,21.7,27.3,24.5,81.3,95.0,53.1,Pass
67,14.0,20.3,17.15,67.7,59.6,44.7,At Risk
72,6.7,7.2,6.95,77.7,66.7,32.0,At Risk
58,18.5,11.0,14.75,69.0,45.3,30.0,Fail
57,19.5,18.1,18.8,47.9,65.2,40.0,Fail
87,14.9,21.1,18.0,85.2,85.6,41.0,Pass
95,18.1,19.0,18.55,88.6,100.0,45.7,Pass
73,15.9,12.9,14.4,60.0,58.3,38.5,Pass
90,20.4,19.4,19.9,76.5,77.7,50.7,Pass
80,19.5,23.9,21.7,80.2,75.3,42.2,Pass
65,22.6,25.8,24.2,63.5,66.7,53.9,At Risk
80,15.4,15.4,15.4,84.9,70.8,45.9,Pass
98,16.8,16.3,16.55,100.0,79.6,44.7,Pass
74,7.9,7.3,7.6,60.2,76.7,20.5,Fail
98,17.1,14.4,15.75,62.6,95.5,43.4,Pass
35,4.8,12.3,8.55,57.6,25.6,20.1,Fail
87,27.0,26.7,26.85,83.5,92.5,57.8,Pass
76,12.7,18.6,15.65,67.6,81.3,38.0,Pass
70,14.9,22.0,18.45,85.4,65.8,32.0,At Risk
76,15.2,20.2,17.7,54.3,70.4,38.9,Pass
45,13.4,12.7,13.05,66.3,48.8,29.0,Fail
71,26.6,29.2,27.9,61.1,56.7,56.7,Pass
80,13.6,14.5,14.05,92.6,73.3,37.5,Pass
97,18.1,15.5,16.8,100.0,65.9,59.1,Pass
67,18.2,20.5,19.35,57.6,70.7,30.3,At Risk
62,15.2,11.5,13.35,58.2,42.1,41.7,Fail
67,22.2,28.0,25.1,77.1,77.0,49.0,At Risk
88,21.2,20.3,20.75,70.6,76.5,54.0,Pass
79,14.2,16.0,15.1,71.1,70.0,41.0,Pass
67,16.0,18.1,17.05,67.1,55.7,46.8,At Risk
82,22.3,22.3,22.3,49.8,71.8,45.1,Pass
76,19.4,22.7,21.05,70.2,83.8,40.2,Pass
89,21.0,20.1,20.55,67.3,55.8,57.0,Pass
64,17.6,22.1,19.85,59.7,72.2,41.2,Fail
70,19.6,15.2,17.4,85.3,67.9,44.2,Pass
69,20.4,21.9,21.15,52.5,51.6,51.1,At Risk
53,12.7,21.5,17.1,71.0,39.3,31.5,Fail
79,15.2,12.2,13.7,68.3,88.9,42.2,Pass
78,16.5,14.8,15.65,67.8,61.8,37.1,Pass
75,21.0,24.1,22.55,79.5,57.2,48.5,Pass
71,9.9,11.6,10.75,72.5,76.7,34.4,At Risk
53,11.3,13.7,12.5,68.0,53.4,23.0,Fail
68,11.3,14.3,12.8,78.8,53.4,31.7,At Risk
69,13.6,17.1,15.35,63.6,65.8,46.2,At Risk
62,18.1,23.5,20.8,57.5,47.4,47.7,Fail
72,15.2,17.8,16.5,55.8,77.2,38.9,Pass
81,16.7,16.7,16.7,62.5,84.5,43.4,Pass
100,14.5,18.2,16.35,100.0,95.3,47.3,Pass
77,19.2,27.8,23.5,85.7,74.1,59.5,Pass
78,19.0,19.5,19.25,55.0,88.9,42.4,Pass
73,25.3,22.4,23.85,53.3,67.0,49.1,Pass
46,6.2,11.6,8.9,64.2,32.3,32.9,Fail
74,15.8,16.3,16.05,76.2,72.4,36.5,Pass
75,16.2,8.5,12.35,76.6,89.6,46.4,Pass
100,29.1,30.0,29.55,76.9,79.9,53.0,Pass
72,13.8,12.7,13.25,67.3,62.6,46.4,Pass
79,17.4,18.0,17.7,75.5,76.3,41.8,Pass
74,17.8,20.1,18.95,70.6,67.4,42.5,Pass
57,11.4,13.2,12.3,36.2,43.6,18.0,Fail
92,17.0,20.8,18.9,74.0,94.4,45.1,Pass
86,18.7,18.0,18.35,64.2,100.0,38.8,Pass
86,23.1,26.2,24.65,76.5,80.1,50.0,Pass
61,6.4,6.4,6.4,100.0,47.8,28.8,Fail
96,20.9,24.9,22.9,82.8,71.1,59.9,Pass
53,6.0,9.5,7.75,57.4,52.6,26.6,Fail
83,23.0,20.3,21.65,84.3,86.6,52.1,Pass
100,13.6,18.9,16.25,85.8,94.8,41.0,Pass
60,8.5,7.4,7.95,69.0,56.0,22.9,Fail
66,14.6,18.8,16.7,73.7,55.2,50.8,At Risk
76,23.1,25.6,24.35,95.1,58.7,48.7,Pass
67,12.7,21.1,16.9,53.2,70.3,48.4,At Risk
51,6.2,6.3,6.25,66.1,57.5,22.6,Fail
76,24.7,24.3,24.5,59.3,54.1,49.7,Pass
59,3.8,4.7,4.25,70.3,71.0,30.2,Fail
82,5.8,5.6,5.7,61.8,80.4,36.9,At Risk
61,13.7,17.9,15.8,59.4,70.8,35.9,Fail
98,18.2,12.7,15.45,75.7,74.9,42.9,Pass
63,6.9,3.7,5.3,76.9,44.9,26.1,Fail
70,17.3,14.0,15.65,79.0,63.0,42.2,Pass
87,19.2,24.0,21.6,59.9,84.0,53.9,Pass
56,7.4,15.2,11.3,63.1,70.6,30.7,Fail
78,9.3,9.9,9.6,62.7,78.4,36.8,At Risk
94,24.1,24.4,24.25,62.5,82.5,63.2,Pass
50,12.0,13.3,12.65,57.4,37.2,32.8,Fail
77,15.0,20.6,17.8,67.1,82.8,44.7,Pass
78,25.0,22.3,23.65,100.0,61.7,44.1,Pass
86,12.4,14.4,13.4,79.6,94.4,25.0,Fail
56,2.6,7.5,5.05,45.9,49.8,24.0,Fail
55,6.5,9.5,8.0,55.2,67.7,25.3,Fail
82,16.5,18.3,17.4,85.1,81.5,42.1,Pass
79,17.2,22.2,19.7,96.7,70.8,49.9,Pass
78,14.5,4.7,9.6,52.2,66.1,31.7,At Risk
80,18.0,21.7,19.85,49.4,69.6,50.9,Pass
64,6.0,4.4,5.2,88.1,63.7,28.2,Fail
78,23.0,16.7,19.85,75.9,72.1,41.9,Pass
79,15.6,18.6,17.1,61.2,66.2,47.8,Pass
64,17.8,24.3,21.05,72.0,57.7,43.3,Fail
100,23.0,23.5,23.25,48.4,90.8,55.1,Pass
82,19.0,23.8,21.4,72.8,53.4,45.8,Pass
57,13.3,20.7,17.0,66.7,58.0,34.0,Fail
84,19.5,25.8,22.65,84.7,66.6,52.2,Pass
60,14.5,22.1,18.3,51.8,44.5,38.6,Fail
86,24.4,28.4,26.4,75.4,61.2,58.4,Pass
92,20.2,21.5,20.85,65.7,65.3,47.7,Pass
62,15.3,9.9,12.6,67.9,44.1,22.9,Fail
89,18.1,18.1,18.1,64.9,73.6,42.8,Pass
81,23.7,21.3,22.5,67.5,93.4,54.0,Pass
87,14.6,24.3,19.45,62.9,73.7,44.6,Pass
100,30.0,30.0,30.0,87.8,91.8,62.3,Pass
71,13.8,15.3,14.55,78.7,69.4,45.0,Pass
63,4.8,8.0,6.4,62.4,59.9,22.0,Fail
61,12.1,13.3,12.7,64.9,56.1,24.2,Fail
62,8.3,16.1,12.2,47.4,45.7,30.4,Fail
73,18.7,17.2,17.95,65.6,81.6,39.2,Pass
80,13.0,14.8,13.9,71.4,91.1,33.6,At Risk
79,13.8,11.8,12.8,100.0,55.3,39.7,Pass
87,8.6,4.3,6.45,61.5,68.7,34.0,At Risk
75,12.7,11.3,12.0,87.6,66.0,37.7,Pass
96,8.1,9.0,8.55,90.4,77.0,40.1,At Risk
71,6.1,5.4,5.75,71.8,70.4,39.0,At Risk
100,25.1,23.3,24.2,100.0,82.7,56.2,Pass
84,21.2,16.6,18.9,78.1,98.1,48.3,Pass
62,13.9,14.6,14.25,69.5,69.6,32.9,Fail
58,5.9,0.9,3.4,62.6,56.4,16.7,Fail
82,16.5,20.5,18.5,87.5,85.0,43.2,Pass
71,14.0,15.3,14.65,81.6,76.4,36.6,Pass
85,11.7,6.9,9.3,66.5,71.6,36.7,At Risk
82,24.3,24.1,24.2,57.0,66.5,64.4,Pass
73,18.9,16.9,17.9,66.8,67.8,37.9,Pass
62,10.6,12.9,11.75,55.2,66.3,29.1,Fail
52,9.4,15.8,12.6,60.0,50.6,30.7,Fail
68,14.3,7.8,11.05,82.0,47.0,37.1,At Risk
87,7.8,9.3,8.55,69.3,70.9,35.9,At Risk
78,14.5,14.9,14.7,70.7,70.6,47.5,Pass
56,6.8,10.5,8.65,63.1,51.8,13.0,Fail
77,10.5,12.4,11.45,81.0,90.2,22.5,Fail
80,14.8,12.8,13.8,45.0,59.1,33.6,At Risk
61,20.5,20.2,20.35,57.1,61.9,48.2,Fail
77,18.7,16.5,17.6,73.3,85.3,33.9,At Risk
75,12.1,17.4,14.75,84.4,91.5,22.6,Fail
57,13.4,14.5,13.95,56.9,49.4,36.8,Fail
80,23.2,30.0,26.6,49.5,77.9,53.4,Pass
83,21.6,22.4,22.0,80.6,81.2,43.8,Pass
91,19.3,17.5,18.4,68.8,84.3,40.6,Pass
90,15.5,10.4,12.95,61.7,80.5,33.5,At Risk
54,13.2,7.0,10.1,54.1,55.3,28.7,Fail
60,13.2,7.9,10.55,61.8,30.7,26.7,Fail
82,21.2,23.3,22.25,65.5,81.5,51.9,Pass
82,19.9,22.9,21.4,46.3,76.0,28.9,At Risk
82,22.0,16.7,19.35,83.6,72.5,42.2,Pass
100,18.6,23.2,20.9,95.3,100.0,47.2,Pass
83,23.6,22.7,23.15,81.0,68.8,50.2,Pass
92,20.2,21.8,21.0,63.1,79.2,46.0,Pass
89,28.9,30.0,29.45,73.2,100.0,64.3,Pass
84,13.8,18.4,16.1,73.5,68.1,31.8,At Risk
70,22.4,22.3,22.35,75.2,59.0,47.9,Pass
86,18.7,16.1,17.4,82.4,76.6,49.1,Pass
63,8.7,1.1,4.9,56.4,67.0,35.1,Fail
71,11.6,9.7,10.65,69.4,67.4,30.7,At Risk
67,11.4,11.6,11.5,72.3,49.0,36.0,At Risk
76,17.4,14.5,15.95,87.9,64.3,31.8,At Risk
100,23.9,24.4,24.15,88.5,83.9,42.7,Pass
46,4.9,6.2,5.55,67.9,43.3,27.5,Fail
85,17.4,17.5,17.45,75.0,81.5,44.8,Pass
50,19.5,17.9,18.7,76.9,51.7,46.6,Fail
67,21.6,23.3,22.45,71.7,44.2,38.5,At Risk
91,21.2,24.0,22.6,66.1,93.0,54.3,Pass
75,15.2,11.8,13.5,86.8,71.3,50.6,Pass
58,11.4,18.0,14.7,71.6,68.1,38.4,Fail
64,15.3,15.9,15.6,60.3,63.8,38.7,Fail
85,12.4,13.5,12.95,68.2,88.3,39.0,Pass
64,11.0,14.8,12.9,69.2,64.1,25.3,Fail
78,7.4,9.3,8.35,76.8,84.8,41.2,At Risk
75,17.0,21.8,19.4,72.4,74.0,41.2,Pass
65,15.7,17.8,16.75,69.7,59.3,42.5,At Risk
100,18.8,17.4,18.1,100.0,100.0,41.7,Pass
84,25.1,27.5,26.3,86.5,85.3,49.1,Pass
44,1.1,0.0,0.55,59.9,48.1,24.0,Fail
77,8.2,9.6,8.9,82.1,57.7,31.9,At Risk
65,13.6,14.5,14.05,53.6,47.4,43.5,At Risk
87,23.2,23.4,23.3,79.6,81.9,52.1,Pass
63,20.4,20.9,20.65,86.9,60.0,34.3,Fail
73,12.2,5.7,8.95,66.6,60.9,37.1,At Risk
82,22.1,20.9,21.5,62.6,76.1,44.2,Pass
87,17.8,19.2,18.5,67.0,94.8,49.9,Pass
56,9.4,11.0,10.2,49.3,59.6,28.2,Fail
69,17.9,14.8,16.35,58.2,52.2,29.4,At Risk
67,16.3,22.4,19.35,62.4,60.8,43.2,At Risk
65,4.6,2.1,3.35,49.1,52.2,35.0,At Risk
100,28.6,30.0,29.3,80.2,86.1,65.2,Pass
81,23.4,26.1,24.75,83.2,69.7,53.0,Pass
56,7.1,5.5,6.3,51.5,47.8,30.2,Fail
88,20.2,28.3,24.25,93.4,67.2,56.5,Pass
100,23.7,19.9,21.8,86.1,88.7,55.3,Pass
90,20.1,24.8,22.45,88.4,75.9,46.5,Pass
52,6.5,11.5,9.0,52.9,19.9,27.6,Fail
67,9.6,7.9,8.75,77.1,82.5,37.5,At Risk
94,19.6,26.2,22.9,64.5,95.8,47.0,Pass
64,18.1,18.1,18.1,76.3,55.6,50.1,Fail
81,19.2,21.4,20.3,74.5,74.0,46.8,Pass
86,15.9,17.9,16.9,81.0,66.4,39.7,Pass
61,15.4,15.9,15.65,50.3,73.8,41.5,Fail
74,0.5,4.7,2.6,58.9,86.9,22.0,Fail
26,8.5,12.7,10.6,57.6,28.7,27.9,Fail
59,2.3,0.0,1.15,52.2,65.4,16.6,Fail
71,12.2,18.4,15.3,74.0,67.1,39.1,Pass
56,4.7,0.0,2.35,46.0,39.2,21.5,Fail
99,14.5,19.6,17.05,89.8,85.0,50.4,Pass
53,15.3,20.8,18.05,46.4,51.4,24.3,Fail
68,10.9,7.5,9.2,73.8,58.3,25.0,Fail
76,17.0,16.4,16.7,77.9,67.4,48.0,Pass
96,20.0,16.6,18.3,70.0,85.7,46.8,Pass
53,11.9,12.0,11.95,68.2,49.2,28.2,Fail
92,19.6,19.4,19.5,79.9,83.7,41.0,Pass
75,8.6,12.7,10.65,63.5,58.1,27.3,Fail
60,16.2,22.4,19.3,51.9,48.8,27.6,Fail
81,14.0,20.6,17.3,48.8,61.0,40.7,Pass
77,7.7,6.5,7.1,75.0,80.2,27.6,Fail
65,10.4,10.6,10.5,47.2,39.2,24.2,Fail
76,22.8,17.1,19.95,71.5,81.1,45.2,Pass
69,17.8,15.6,16.7,64.4,77.5,41.9,At Risk
76,13.5,18.4,15.95,78.5,66.6,54.2,Pass
84,15.5,23.0,19.25,70.0,50.4,37.2,Pass
98,19.1,15.2,17.15,75.2,84.7,54.1,Pass
56,20.6,19.2,19.9,71.2,52.0,47.4,Fail
100,23.2,24.1,23.65,84.0,79.9,51.3,Pass
45,9.7,11.8,10.75,61.8,38.1,28.9,Fail
72,19.4,17.2,18.3,74.4,81.5,40.4,Pass
83,18.2,20.9,19.55,54.8,82.2,46.0,Pass
79,14.7,13.8,14.25,80.7,62.9,49.5,Pass
65,11.5,12.4,11.95,73.3,44.3,37.9,At Risk
71,13.6,16.8,15.2,56.2,62.1,40.6,Pass
67,12.8,13.8,13.3,63.9,59.8,32.7,At Risk
66,16.4,15.7,16.05,65.9,66.1,29.6,At Risk
87,18.3,18.9,18.6,73.2,73.6,45.2,Pass
80,19.9,20.5,20.2,76.0,78.1,54.4,Pass
64,11.8,11.3,11.55,82.8,78.8,25.4,Fail
88,18.6,18.6,18.6,88.2,88.0,41.8,Pass
79,6.0,13.4,9.7,55.9,71.7,33.5,At Risk
87,22.6,25.8,24.2,82.3,77.1,48.0,Pass
84,19.0,18.8,18.9,89.5,72.8,43.0,Pass
62,16.7,20.5,18.6,69.4,69.5,38.5,Fail
66,0.0,0.0,0.0,79.5,54.8,13.0,Fail
86,28.2,30.0,29.1,98.5,78.6,55.2,Pass
84,16.6,19.1,17.85,85.9,76.9,50.4,Pass
74,20.3,20.9,20.6,72.6,62.9,38.2,Pass
76,10.1,12.9,11.5,82.9,55.9,27.3,Fail
94,22.8,17.5,20.15,79.3,88.1,46.5,Pass
66,7.5,4.0,5.75,66.7,60.5,31.0,At Risk
83,13.9,10.1,12.0,69.0,80.6,36.3,Pass
71,23.6,25.2,24.4,87.2,60.0,48.6,Pass
71,13.0,20.9,16.95,58.6,77.6,40.1,Pass
91,20.1,30.0,25.05,94.8,73.6,46.4,Pass
87,22.4,26.0,24.2,80.8,96.1,56.7,Pass
87,20.5,23.5,22.0,58.0,61.5,51.2,Pass
94,20.5,14.3,17.4,82.0,89.2,44.8,Pass
75,16.8,15.6,16.2,44.8,73.5,44.4,Pass
85,29.5,27.3,28.4,81.5,69.3,51.5,Pass
70,13.5,12.0,12.75,78.6,68.7,43.5,Pass
79,17.0,17.3,17.15,64.5,84.9,43.2,Pass
73,19.8,18.9,19.35,70.7,44.9,42.2,Pass
76,20.8,13.9,17.35,93.8,74.6,44.7,Pass
83,22.9,26.9,24.9,67.1,50.6,51.7,Pass
62,14.9,11.6,13.25,52.1,48.0,40.4,Fail
100,15.5,17.5,16.5,97.8,100.0,42.6,Pass
59,19.2,28.5,23.85,87.2,49.3,43.8,Fail
56,4.5,1.8,3.15,62.4,40.9,27.3,Fail
92,20.8,11.7,16.25,88.9,81.2,42.7,Pass
86,14.0,13.9,13.95,90.5,98.8,47.9,Pass
84,16.9,22.3,19.6,64.7,58.1,56.3,Pass
84,18.9,27.7,23.3,67.8,65.9,48.4,Pass
74,16.4,12.5,14.45,84.4,82.9,44.2,Pass
61,13.6,16.6,15.1,84.6,75.4,31.4,Fail
76,23.3,22.4,22.85,77.2,68.6,54.1,Pass
64,14.5,15.1,14.8,55.0,47.0,36.8,Fail
89,17.3,28.9,23.1,99.4,100.0,57.5,Pass
72,19.1,14.1,16.6,62.4,82.1,36.1,Pass
62,17.7,19.7,18.7,60.8,64.5,30.3,Fail
70,7.6,10.5,9.05,72.1,56.4,34.8,At Risk
81,19.5,24.8,22.15,91.0,73.4,38.8,Pass
66,16.3,17.7,17.0,76.6,59.5,38.8,At Risk
62,10.3,12.5,11.4,69.8,61.0,38.3,Fail
78,22.6,22.0,22.3,76.8,85.8,50.4,Pass
78,15.0,17.1,16.05,71.7,80.1,53.2,Pass
67,13.6,13.2,13.4,73.5,51.2,42.5,At Risk
67,12.1,15.6,13.85,36.4,75.7,29.3,At Risk
78,15.8,15.3,15.55,67.6,74.4,40.7,Pass
53,4.0,6.5,5.25,64.1,56.9,22.9,Fail
53,2.3,3.2,2.75,47.4,64.7,9.1,Fail
64,20.2,25.7,22.95,70.2,48.3,41.0,Fail
71,9.8,10.6,10.2,65.9,65.0,29.3,At Risk
79,11.0,4.9,7.95,92.7,66.8,22.1,Fail
97,9.7,15.7,12.7,97.7,71.8,44.3,Pass
87,14.8,12.2,13.5,69.2,82.4,38.6,Pass
72,7.6,6.0,6.8,67.0,91.3,19.0,Fail
74,23.0,21.6,22.3,68.7,49.5,50.1,Pass
59,16.0,22.5,19.25,58.2,54.8,44.4,Fail
74,11.3,3.8,7.55,71.9,74.3,32.2,At Risk
70,25.0,30.0,27.5,58.9,65.7,50.0,Pass
79,20.9,26.1,23.5,58.0,71.0,52.6,Pass
62,10.1,12.0,11.05,72.3,44.7,36.6,Fail
82,4.3,5.1,4.7,80.4,77.0,31.8,At Risk
97,30.0,30.0,30.0,69.1,79.9,56.4,Pass
73,7.6,10.7,9.15,79.9,45.2,34.9,At Risk
81,8.3,11.9,10.1,64.8,85.8,41.6,At Risk
85,22.6,25.8,24.2,77.0,86.8,49.4,Pass
68,25.4,26.8,26.1,77.0,63.3,64.3,At Risk
78,22.7,22.9,22.8,70.8,73.6,46.1,Pass
75,17.8,18.2,18.0,75.5,79.5,43.7,Pass
76,18.2,18.4,18.3,64.2,71.8,38.9,Pass
63,16.3,21.8,19.05,62.8,67.6,42.4,Fail
75,18.8,22.2,20.5,67.5,65.8,35.2,Pass
82,18.2,7.4,12.8,63.8,87.8,34.4,At Risk
96,20.8,24.4,22.6,76.3,89.8,46.6,Pass
89,18.2,20.0,19.1,57.0,82.6,46.6,Pass
100,17.5,18.4,17.95,74.1,77.3,54.3,Pass
63,10.6,10.0,10.3,61.8,61.4,34.7,Fail
88,9.8,15.3,12.55,72.1,71.5,25.2,Fail
77,15.0,19.8,17.4,67.9,64.1,54.7,Pass
100,16.3,14.2,15.25,79.3,81.8,47.5,Pass
62,6.2,8.8,7.5,70.6,47.0,23.6,Fail
62,12.6,9.7,11.15,75.3,78.9,33.9,Fail
66,19.7,15.2,17.45,58.6,74.4,40.5,At Risk
43,11.6,10.1,10.85,42.8,60.8,21.5,Fail
67,5.1,9.5,7.3,54.3,49.7,28.5,At Risk
63,7.1,11.9,9.5,59.4,59.3,26.0,Fail
77,20.2,23.3,21.75,66.6,57.5,45.0,Pass
80,11.3,15.2,13.25,62.8,66.0,33.6,At Risk
100,20.1,23.2,21.65,64.4,80.8,43.1,Pass
89,21.3,19.7,20.5,70.1,93.0,49.6,Pass
66,7.9,10.6,9.25,68.6,57.1,34.4,At Risk
61,12.0,16.2,14.1,71.5,67.5,38.9,Fail
82,10.1,14.1,12.1,66.1,80.7,42.0,Pass
55,7.0,12.8,9.9,57.0,74.8,30.2,Fail
100,22.8,26.6,24.7,68.9,75.2,52.5,Pass
92,11.3,13.7,12.5,76.4,95.8,45.7,Pass
67,15.2,20.5,17.85,56.6,73.4,31.7,At Risk
49,8.4,9.3,8.85,66.5,36.9,21.4,Fail
95,22.8,20.3,21.55,56.6,95.8,44.0,Pass
73,15.6,15.9,15.75,64.9,70.4,45.9,Pass
93,26.3,24.3,25.3,80.8,81.8,61.9,Pass
51,9.6,7.9,8.75,62.6,40.1,29.6,Fail
66,10.6,11.0,10.8,98.7,53.9,42.1,At Risk
75,15.6,13.4,14.5,74.2,89.2,34.1,At Risk
75,17.7,17.5,17.6,58.0,68.8,43.4,Pass
68,13.5,6.9,10.2,66.1,70.6,31.4,At Risk
84,17.5,19.4,18.45,52.3,68.5,48.6,Pass
58,7.2,8.2,7.7,62.2,46.5,26.1,Fail
72,10.9,8.6,9.75,58.8,77.0,29.3,At Risk
76,8.2,11.8,10.0,81.4,56.1,38.3,At Risk
82,25.5,30.0,27.75,66.2,70.5,60.7,Pass
85,11.3,5.9,8.6,72.6,77.6,30.3,At Risk
58,7.3,5.2,6.25,55.6,55.4,24.1,Fail
51,5.4,3.3,4.35,81.3,46.6,17.1,Fail
94,24.2,21.4,22.8,73.7,88.9,37.8,Pass
79,14.5,18.8,16.65,93.6,79.1,45.8,Pass
63,18.2,18.4,18.3,75.0,65.9,45.1,Fail
98,17.4,17.3,17.35,85.0,78.4,49.9,Pass
76,16.6,9.6,13.1,74.8,66.8,26.3,Fail
92,15.1,18.6,16.85,81.5,95.1,44.1,Pass
76,26.0,22.0,24.0,47.3,78.5,34.6,At Risk
100,15.3,16.5,15.9,76.7,76.3,54.4,Pass
100,22.8,24.9,23.85,90.1,93.5,50.3,Pass
71,17.2,23.6,20.4,67.8,45.6,52.3,Pass
89,20.6,16.4,18.5,58.7,81.1,50.9,Pass
84,16.3,5.2,10.75,73.0,95.4,31.2,At Risk
95,19.4,21.1,20.25,98.4,76.3,45.7,Pass
60,11.5,19.7,15.6,79.0,47.7,40.2,Fail
85,16.8,22.8,19.8,73.3,84.9,42.4,Pass
90,23.6,25.4,24.5,87.4,66.1,55.9,Pass
48,19.3,18.3,18.8,54.8,39.5,34.1,Fail
57,7.7,11.9,9.8,42.4,59.4,16.4,Fail
44,0.4,0.0,0.2,46.5,36.1,0.3,Fail
70,13.3,16.2,14.75,86.8,62.1,41.2,Pass
85,30.0,30.0,30.0,70.7,84.7,55.7,Pass
97,16.5,21.7,19.1,75.9,91.7,46.0,Pass
76,23.4,30.0,26.7,66.8,72.3,57.2,Pass
99,29.4,30.0,29.7,100.0,85.8,70.0,Pass
54,7.0,6.0,6.5,81.1,54.6,24.9,Fail
49,11.3,12.2,11.75,86.2,45.4,30.1,Fail
74,22.9,16.8,19.85,67.7,72.5,47.7,Pass
80,14.4,12.6,13.5,75.5,68.0,31.2,At Risk
74,13.7,13.1,13.4,51.4,66.1,36.9,Pass
43,4.1,3.0,3.55,74.9,31.7,23.5,Fail
73,9.4,11.0,10.2,55.2,66.7,36.1,At Risk
55,6.8,4.5,5.65,64.6,43.6,12.4,Fail
85,11.4,16.9,14.15,60.8,66.1,35.0,Pass
80,16.4,17.4,16.9,64.9,75.6,36.9,Pass
60,7.4,8.4,7.9,54.0,58.1,27.2,Fail
67,14.2,13.9,14.05,59.5,69.8,38.6,At Risk
59,3.2,4.8,4.0,57.1,50.8,31.2,Fail
74,16.4,20.7,18.55,63.0,72.0,39.8,Pass
89,22.7,20.2,21.45,85.6,86.2,48.4,Pass
60,1.3,0.0,0.65,50.7,60.4,24.7,Fail
82,18.6,18.4,18.5,75.4,66.4,47.3,Pass
67,19.1,14.7,16.9,81.4,63.4,48.9,At Risk
63,6.0,3.7,4.85,59.0,62.2,25.9,Fail
73,22.9,22.0,22.45,60.6,67.1,39.9,Pass
59,13.1,17.6,15.35,60.8,34.3,27.8,Fail
66,9.2,11.3,10.25,80.6,62.7,23.9,Fail
57,10.2,12.0,11.1,65.1,75.6,34.8,Fail
100,24.0,28.4,26.2,73.6,86.4,65.1,Pass
75,15.4,15.9,15.65,75.8,61.5,51.9,Pass
64,14.9,17.5,16.2,52.4,63.1,42.0,Fail
78,11.1,11.7,11.4,79.4,74.4,43.8,At Risk
73,15.3,17.4,16.35,74.1,79.0,37.6,Pass
71,6.9,5.6,6.25,64.7,52.8,21.0,Fail
84,16.7,7.9,12.3,63.5,83.7,42.6,Pass
86,13.2,13.7,13.45,63.8,84.0,41.8,Pass
67,9.3,16.0,12.65,73.2,60.5,36.1,At Risk
66,18.9,23.6,21.25,81.1,64.5,48.4,At Risk
70,19.2,24.1,21.65,60.4,74.8,47.2,Pass
40,9.3,15.2,12.25,61.5,47.7,36.1,Fail
52,3.8,5.2,4.5,35.8,37.8,27.0,Fail
95,18.4,20.2,19.3,71.0,94.0,51.9,Pass
99,27.1,25.6,26.35,79.2,88.5,63.5,Pass
71,14.7,14.4,14.55,57.5,66.1,40.0,Pass
83,28.6,30.0,29.3,62.0,76.3,54.2,Pass
79,18.0,23.8,20.9,63.6,70.6,51.1,Pass
100,22.2,22.6,22.4,83.5,100.0,46.1,Pass
91,17.5,16.7,17.1,74.2,81.5,51.9,Pass
73,15.2,16.2,15.7,42.3,55.9,30.0,At Risk
60,10.5,13.9,12.2,38.6,52.1,31.8,Fail
50,12.3,7.5,9.9,52.7,49.3,21.7,Fail
78,20.5,12.3,16.4,76.7,83.6,45.7,Pass
63,8.1,6.9,7.5,32.2,64.6,24.4,Fail
53,2.8,0.0,1.4,55.2,41.5,8.2,Fail
65,3.3,2.3,2.8,59.7,85.1,24.8,Fail
58,13.3,13.7,13.5,79.9,56.9,31.9,Fail
100,15.7,14.9,15.3,75.4,100.0,50.7,Pass
88,7.5,14.3,10.9,79.8,78.3,38.3,At Risk
74,16.7,19.0,17.85,71.3,73.2,45.1,Pass
97,30.0,30.0,30.0,53.2,95.8,54.0,Pass
76,15.2,18.7,16.95,79.6,81.8,39.4,Pass
62,15.9,12.3,14.1,67.4,68.3,32.8,Fail
97,20.9,26.1,23.5,84.9,96.2,60.4,Pass
83,16.5,17.2,16.85,100.0,72.4,56.3,Pass
59,15.6,19.3,17.45,38.6,49.4,31.2,Fail
72,12.8,9.5,11.15,89.5,69.5,42.8,At Risk
61,12.8,7.6,10.2,61.0,66.2,17.2,Fail
54,11.4,15.7,13.55,65.0,48.7,25.9,Fail
88,14.9,17.4,16.15,74.7,90.5,38.2,Pass
100,26.2,23.6,24.9,74.9,100.0,48.4,Pass
54,8.9,6.4,7.65,54.8,41.7,15.7,Fail
83,13.2,18.7,15.95,77.2,67.2,45.4,Pass
65,15.2,11.4,13.3,47.8,58.8,32.0,At Risk
67,8.5,16.1,12.3,75.8,65.0,37.6,At Risk
66,12.9,10.3,11.6,61.4,55.9,37.0,At Risk
62,11.7,15.3,13.5,51.2,71.2,34.9,Fail
75,20.4,20.1,20.25,64.6,73.0,49.0,Pass
62,14.1,17.5,15.8,79.9,58.1,38.4,Fail
79,15.9,14.7,15.3,65.2,57.8,33.0,At Risk
74,18.8,19.1,18.95,73.9,54.7,50.6,Pass
71,21.0,22.2,21.6,59.6,68.2,41.8,Pass
61,14.3,11.3,12.8,73.5,35.5,28.9,Fail
66,12.8,16.8,14.8,74.6,71.2,36.9,At Risk
86,11.2,10.1,10.65,96.6,76.5,33.8,At Risk
82,11.4,11.5,11.45,70.7,100.0,34.3,At Risk
60,9.7,6.7,8.2,72.0,79.1,30.8,Fail
76,12.2,3.0,7.6,71.6,67.8,33.3,At Risk
86,16.8,17.0,16.9,90.0,77.0,40.5,Pass
49,8.8,19.5,14.15,51.0,56.6,28.5,Fail
83,19.6,23.7,21.65,82.1,92.6,56.5,Pass
65,12.1,13.0,12.55,63.7,43.9,37.0,At Risk
83,19.4,19.3,19.35,72.4,57.7,58.9,Pass
63,12.3,13.4,12.85,66.3,52.3,41.3,Fail
47,0.0,3.2,1.6,61.8,50.8,24.3,Fail
50,4.1,0.4,2.25,58.6,52.5,10.2,Fail
75,14.3,19.8,17.05,72.6,79.4,46.7,Pass
78,9.7,13.6,11.65,90.1,59.3,37.9,At Risk
61,14.5,18.4,16.45,76.2,33.7,35.7,Fail
84,24.9,27.7,26.3,84.0,85.0,56.9,Pass
50,14.8,15.9,15.35,54.5,39.2,39.0,Fail
74,13.7,17.4,15.55,58.9,47.7,41.8,Pass
56,17.7,21.1,19.4,73.9,54.1,36.0,Fail
65,13.2,12.8,13.0,76.5,68.2,40.3,At Risk
75,13.3,12.0,12.65,87.7,67.5,34.7,At Risk
62,8.7,10.1,9.4,57.6,53.1,30.4,Fail
69,12.0,19.2,15.6,64.8,62.1,36.7,At Risk
90,16.8,12.8,14.8,56.3,77.8,39.6,Pass
66,13.6,8.7,11.15,61.7,47.6,37.0,At Risk
87,18.8,20.5,19.65,86.8,71.8,42.8,Pass
58,10.8,12.0,11.4,57.6,59.5,42.3,Fail
82,18.9,20.6,19.75,80.5,77.9,36.6,Pass
96,26.2,28.2,27.2,76.1,88.3,55.0,Pass
37,10.2,10.3,10.25,58.7,26.5,27.4,Fail
63,4.6,11.6,8.1,51.4,56.7,30.7,Fail
83,4.2,0.0,2.1,74.2,53.8,25.9,Fail
71,18.7,16.4,17.55,32.5,67.1,37.6,Pass
80,9.4,10.0,9.7,69.8,87.3,36.8,At Risk
65,11.4,5.8,8.6,46.4,45.5,26.3,Fail
76,9.4,9.7,9.55,84.9,63.7,43.2,At Risk
72,5.2,12.8,9.0,78.1,69.5,37.7,At Risk
92,22.0,23.1,22.55,82.4,95.7,58.2,Pass
78,19.5,21.4,20.45,89.5,66.8,42.6,Pass
80,13.4,9.4,11.4,60.6,66.1,34.9,At Risk
68,0.3,0.0,0.15,88.2,43.1,20.8,Fail
67,10.3,9.8,10.05,78.0,63.0,26.9,Fail
68,15.2,14.9,15.05,64.4,83.2,39.8,At Risk
80,8.9,15.0,11.95,85.6,75.8,35.3,At Risk
68,14.2,17.4,15.8,53.9,62.6,41.4,At Risk
79,15.9,12.5,14.2,61.7,75.4,32.1,At Risk
100,24.1,26.1,25.1,72.7,89.9,66.9,Pass
88,18.8,21.8,20.3,68.9,71.7,42.8,Pass
70,8.9,14.5,11.7,55.3,72.7,34.5,At Risk
93,25.5,30.0,27.75,91.9,86.3,64.9,Pass
68,12.5,9.4,10.95,64.1,63.0,29.4,At Risk
44,7.1,4.9,6.0,61.8,32.6,27.1,Fail
59,6.3,2.3,4.3,56.8,68.2,15.1,Fail
46,5.5,5.6,5.55,36.6,50.7,28.0,Fail
69,9.1,12.0,10.55,70.8,58.1,33.3,At Risk
75,14.1,19.0,16.55,47.1,78.8,35.4,Pass
100,29.8,30.0,29.9,79.2,85.0,61.0,Pass
79,9.1,8.8,8.95,55.2,64.3,36.6,At Risk
71,5.9,7.5,6.7,92.2,57.8,27.7,Fail
87,25.4,23.1,24.25,85.7,61.2,49.8,Pass
41,5.5,14.9,10.2,57.7,44.6,24.5,Fail
78,12.4,7.0,9.7,86.4,53.0,28.5,At Risk
86,22.9,24.6,23.75,64.2,65.8,62.3,Pass
52,6.2,15.3,10.75,67.3,28.4,26.3,Fail
92,28.4,29.4,28.9,79.2,82.3,65.0,Pass
80,19.6,19.8,19.7,75.2,71.5,47.8,Pass
68,10.8,10.4,10.6,82.5,59.5,28.3,At Risk
84,28.0,28.3,28.15,82.4,66.0,57.8,Pass
100,18.2,24.7,21.45,83.5,78.3,58.1,Pass
77,19.2,11.4,15.3,50.9,75.1,37.2,Pass
78,17.2,24.3,20.75,59.7,65.8,52.9,Pass
68,19.8,15.1,17.45,65.7,66.0,46.7,At Risk
62,19.6,19.5,19.55,65.9,48.8,47.3,Fail
87,18.2,17.5,17.85,61.2,80.8,41.6,Pass
62,8.0,11.4,9.7,93.7,70.7,26.6,Fail
76,17.5,12.1,14.8,88.6,75.5,37.6,Pass
67,9.6,12.4,11.0,74.0,57.8,34.8,At Risk
82,26.8,30.0,28.4,73.7,77.3,60.2,Pass
80,16.9,12.4,14.65,69.5,70.6,27.0,Fail
90,16.9,18.7,17.8,64.6,81.6,45.2,Pass
67,13.9,12.3,13.1,67.7,58.7,36.4,At Risk
70,7.0,9.7,8.35,71.1,62.9,29.2,At Risk
60,6.4,7.5,6.95,49.1,58.1,32.8,Fail
68,19.3,17.7,18.5,71.2,52.9,44.8,At Risk
80,13.0,16.0,14.5,70.1,62.8,47.8,Pass
86,12.5,20.7,16.6,51.5,64.2,40.4,Pass
61,14.2,14.4,14.3,54.1,40.8,39.9,Fail
88,24.2,28.1,26.15,70.2,67.6,64.9,Pass
95,23.6,19.4,21.5,100.0,87.3,62.0,Pass
81,21.5,18.7,20.1,79.1,64.9,41.0,Pass
100,17.5,20.4,18.95,64.0,95.1,47.0,Pass
63,4.9,11.8,8.35,71.0,58.9,27.4,Fail
56,17.8,20.2,19.0,43.8,32.9,40.7,Fail
48,6.6,6.3,6.45,72.2,52.3,28.5,Fail
97,19.2,20.2,19.7,73.1,95.6,44.7,Pass
84,23.9,19.9,21.9,72.5,66.5,50.0,Pass
74,17.5,20.9,19.2,85.5,72.1,33.6,At Risk
79,18.3,22.8,20.55,56.2,63.6,54.0,Pass
58,21.6,20.8,21.2,46.4,55.3,37.9,Fail
100,18.0,17.1,17.55,73.0,77.4,48.1,Pass
76,19.9,22.0,20.95,82.9,51.7,46.1,Pass
76,15.5,14.8,15.15,52.2,65.8,45.0,Pass
85,18.8,19.5,19.15,40.0,76.0,26.3,Fail
82,24.4,30.0,27.2,67.4,70.7,54.8,Pass
78,18.3,18.3,18.3,77.8,59.5,44.1,Pass
63,14.7,14.3,14.5,79.6,54.6,34.8,Fail
82,22.1,20.5,21.3,67.2,77.4,58.3,Pass
100,19.4,23.4,21.4,75.1,89.6,47.2,Pass
95,15.8,16.1,15.95,91.8,87.6,51.4,Pass
98,15.5,13.9,14.7,56.8,81.6,44.6,Pass
67,3.2,9.5,6.35,62.1,73.7,34.6,At Risk
60,21.5,28.2,24.85,66.3,44.2,43.6,Fail
73,9.0,7.6,8.3,74.6,71.9,27.3,Fail
75,13.9,7.4,10.65,63.9,80.6,40.4,At Risk
91,17.6,22.6,20.1,76.8,87.2,51.9,Pass
49,10.0,8.3,9.15,29.7,44.6,14.2,Fail
97,24.6,28.8,26.7,70.9,82.2,54.4,Pass
72,18.6,11.7,15.15,74.2,76.6,41.8,Pass
68,10.3,14.9,12.6,55.4,48.6,38.9,At Risk
59,10.2,6.4,8.3,64.3,45.4,23.8,Fail
50,10.2,14.1,12.15,65.4,43.5,13.2,Fail
87,16.8,17.9,17.35,70.7,91.3,47.9,Pass
76,23.3,20.5,21.9,72.4,73.4,40.7,Pass
55,12.5,11.9,12.2,50.4,42.1,18.2,Fail
55,13.7,17.4,15.55,59.5,48.6,18.1,Fail
69,16.8,18.2,17.5,74.9,57.5,46.6,At Risk
100,27.1,30.0,28.55,81.9,82.9,62.3,Pass
71,14.9,23.8,19.35,61.4,75.1,41.6,Pass
52,2.8,0.0,1.4,63.5,35.5,26.7,Fail
71,16.0,23.5,19.75,77.0,81.4,48.8,Pass
70,10.5,11.9,11.2,43.4,72.8,41.1,At Risk
34,2.1,0.0,1.05,67.5,44.8,6.4,Fail
74,17.7,13.4,15.55,65.6,63.3,39.3,Pass
71,20.2,20.4,20.3,73.5,63.9,35.5,Pass
85,17.6,22.3,19.95,88.4,62.9,47.7,Pass
100,22.8,23.3,23.05,63.5,84.8,51.7,Pass
91,27.5,30.0,28.75,67.9,87.3,62.3,Pass
70,15.0,10.2,12.6,64.5,77.5,35.4,Pass
58,23.8,24.8,24.3,53.8,43.2,49.1,Fail
100,24.1,20.1,22.1,100.0,86.3,60.0,Pass
75,6.2,8.7,7.45,59.7,67.2,42.6,At Risk
75,18.8,23.3,21.05,63.3,54.8,44.0,Pass
74,16.7,16.0,16.35,72.1,73.8,35.4,Pass
77,21.9,12.5,17.2,56.4,63.2,42.6,Pass
72,17.6,19.4,18.5,64.1,64.2,37.6,Pass
66,12.1,14.8,13.45,70.2,56.6,44.8,At Risk
66,6.6,9.2,7.9,62.4,53.2,27.0,Fail
74,13.7,19.6,16.65,68.5,67.8,37.7,Pass
66,8.5,5.2,6.85,60.0,58.9,24.4,Fail
64,9.3,13.0,11.15,47.4,55.7,34.9,Fail
76,18.2,24.0,21.1,74.3,62.3,46.3,Pass
71,22.3,16.2,19.25,89.5,68.5,41.8,Pass
97,22.5,24.8,23.65,79.0,100.0,64.9,Pass
35,0.0,0.0,0.0,56.7,36.1,7.5,Fail
91,21.2,21.9,21.55,84.7,92.3,52.0,Pass
93,25.5,27.9,26.7,62.0,70.1,59.9,Pass
43,4.0,3.1,3.55,77.6,43.1,10.7,Fail
69,12.8,11.1,11.95,70.0,52.7,37.6,At Risk
69,13.6,14.7,14.15,87.2,48.9,32.7,At Risk
53,5.6,2.3,3.95,52.4,42.7,25.4,Fail
63,15.2,11.9,13.55,87.0,70.5,31.3,Fail
58,10.1,13.8,11.95,72.5,63.8,36.9,Fail
100,23.3,19.7,21.5,86.6,92.4,60.4,Pass
89,14.1,17.8,15.95,78.4,65.3,49.4,Pass
94,17.6,20.5,19.05,74.6,82.9,50.0,Pass
85,21.1,15.2,18.15,88.4,80.3,45.6,Pass
58,8.9,7.2,8.05,64.9,56.1,24.0,Fail
67,21.6,27.4,24.5,43.2,43.5,55.1,At Risk
82,14.8,11.9,13.35,59.4,65.8,33.7,At Risk
56,11.4,10.5,10.95,60.2,52.0,23.8,Fail
85,22.2,25.0,23.6,77.7,82.6,56.3,Pass
71,6.9,11.0,8.95,67.7,43.4,26.6,Fail
69,4.7,4.7,4.7,82.2,62.0,21.8,Fail
85,9.9,8.5,9.2,50.6,78.7,24.1,Fail
81,22.8,29.5,26.15,74.1,82.3,51.2,Pass
69,10.7,18.7,14.7,45.8,70.6,35.0,At Risk
92,30.0,30.0,30.0,85.9,89.0,63.4,Pass
58,7.9,9.2,8.55,62.1,46.3,33.5,Fail
84,18.2,16.0,17.1,78.6,57.3,47.8,Pass
83,24.7,22.4,23.55,62.8,71.6,49.2,Pass
70,23.8,26.9,25.35,83.4,74.5,50.7,Pass
79,26.3,29.0,27.65,84.1,86.1,59.5,Pass
56,16.3,22.9,19.6,69.4,59.7,48.6,Fail
88,23.4,27.0,25.2,73.6,84.1,55.1,Pass
72,17.2,12.2,14.7,75.8,70.0,36.3,Pass
67,16.9,22.1,19.5,58.3,56.4,36.0,At Risk
90,16.0,13.0,14.5,86.3,80.2,34.9,At Risk
64,8.2,7.7,7.95,85.4,76.1,34.6,Fail
53,9.5,11.5,10.5,74.0,40.6,33.7,Fail
51,8.1,17.1,12.6,51.6,64.5,33.5,Fail
84,15.0,28.4,21.7,77.9,73.2,49.1,Pass
55,13.5,16.9,15.2,46.5,65.0,41.8,Fail
100,26.0,26.3,26.15,86.9,75.9,56.3,Pass
43,7.4,10.5,8.95,62.6,47.4,31.0,Fail
100,28.6,30.0,29.3,57.6,82.6,59.7,Pass
78,10.0,9.7,9.85,57.3,57.1,29.2,At Risk
73,13.5,21.7,17.6,65.8,69.2,45.3,Pass
66,9.2,11.1,10.15,62.8,71.2,33.8,At Risk
80,6.9,9.9,8.4,57.5,64.6,33.7,At Risk
74,14.3,18.0,16.15,74.3,52.9,41.6,Pass
91,18.4,21.1,19.75,79.4,81.4,49.0,Pass
76,22.8,27.2,25.0,68.1,68.7,65.5,Pass
77,18.7,17.2,17.95,61.7,75.9,49.6,Pass
69,8.4,7.2,7.8,80.2,73.1,35.3,At Risk
74,24.0,20.6,22.3,89.5,67.3,50.4,Pass
79,22.1,24.9,23.5,65.8,90.7,55.8,Pass
49,11.4,15.5,13.45,52.3,48.9,33.8,Fail
54,8.6,11.4,10.0,67.5,47.4,29.4,Fail
86,13.0,20.7,16.85,70.1,62.0,42.0,Pass
77,13.6,14.6,14.1,69.1,67.8,38.3,Pass
72,19.7,23.4,21.55,77.7,62.8,28.3,At Risk
75,24.4,21.0,22.7,47.1,78.4,47.5,Pass
80,24.0,23.5,23.75,87.8,77.6,49.6,Pass
66,10.3,14.1,12.2,67.3,49.3,43.7,At Risk
63,6.4,10.8,8.6,60.3,60.3,28.8,Fail
77,16.2,16.0,16.1,69.7,77.2,34.0,At Risk
60,2.4,3.1,2.75,63.5,71.3,21.3,Fail
81,18.1,13.0,15.55,51.6,82.7,33.2,At Risk
49,7.8,7.4,7.6,77.5,54.3,29.3,Fail
90,16.4,21.0,18.7,76.5,82.1,49.2,Pass
82,8.8,12.1,10.45,78.1,78.6,42.1,At Risk
78,18.3,21.3,19.8,82.6,83.8,42.2,Pass
89,15.8,17.0,16.4,63.3,67.3,43.5,Pass
99,15.2,16.2,15.7,85.3,85.7,38.5,Pass
90,4.4,2.8,3.6,72.8,73.8,33.7,At Risk
47,7.9,11.7,9.8,69.0,48.7,30.8,Fail
55,18.9,21.6,20.25,36.5,64.1,41.2,Fail
65,20.8,23.8,22.3,64.8,54.3,45.5,At Risk
75,12.7,11.6,12.15,62.8,44.8,37.9,Pass
82,13.7,6.1,9.9,78.0,70.6,45.4,At Risk
64,14.6,20.0,17.3,71.2,68.5,38.4,Fail
77,10.5,9.6,10.05,62.3,75.8,34.2,At Risk
63,13.5,11.0,12.25,56.7,62.8,26.0,Fail
65,16.3,20.1,18.2,64.7,57.5,35.5,At Risk
53,15.6,15.0,15.3,50.4,37.3,34.1,Fail
61,11.0,16.2,13.6,74.5,62.0,42.1,Fail
54,8.7,12.2,10.45,57.2,42.6,27.2,Fail
60,6.9,10.6,8.75,29.1,77.8,23.7,Fail
90,14.6,10.1,12.35,71.5,87.2,37.1,Pass
60,10.1,15.9,13.0,51.5,50.2,29.1,Fail
100,23.1,25.1,24.1,60.4,83.9,55.9,Pass
82,21.3,20.8,21.05,58.0,73.8,37.8,Pass
77,11.5,13.1,12.3,72.1,68.1,44.6,Pass
62,19.2,13.1,16.15,80.7,68.9,35.3,Fail
85,16.1,18.7,17.4,77.8,79.1,49.4,Pass
66,12.6,9.5,11.05,59.1,53.8,24.4,Fail
76,11.5,7.1,9.3,75.9,88.5,37.7,At Risk
100,9.1,4.0,6.55,74.5,90.5,39.1,At Risk
73,18.9,24.4,21.65,60.9,74.7,48.3,Pass
92,22.9,21.4,22.15,62.9,77.1,44.6,Pass
64,10.8,17.9,14.35,44.6,63.0,35.5,Fail
74,15.1,14.0,14.55,64.9,71.0,31.2,At Risk
100,23.8,18.0,20.9,81.9,71.1,51.1,Pass
65,4.7,1.2,2.95,64.8,80.4,29.1,At Risk
100,18.6,24.5,21.55,75.0,100.0,57.4,Pass
85,21.5,21.9,21.7,62.7,73.3,48.7,Pass
66,6.5,5.3,5.9,73.7,50.1,21.6,Fail
84,18.7,20.3,19.5,57.8,79.9,49.2,Pass
89,11.7,14.7,13.2,84.9,81.5,41.8,Pass
84,19.6,25.1,22.35,61.6,80.0,35.1,Pass
51,8.8,15.6,12.2,51.4,50.3,34.3,Fail
64,4.2,3.8,4.0,48.0,64.5,22.1,Fail
71,19.8,15.5,17.65,62.4,79.8,48.2,Pass
73,10.8,10.1,10.45,80.9,72.7,28.3,At Risk
84,13.2,15.2,14.2,79.8,65.9,22.3,Fail
77,16.5,13.6,15.05,82.5,84.1,42.9,Pass
54,15.5,12.7,14.1,67.9,67.3,35.8,Fail
80,11.2,13.6,12.4,58.8,100.0,26.2,Fail
84,17.6,18.4,18.0,69.6,65.2,38.9,Pass
83,19.1,20.2,19.65,63.8,78.0,62.4,Pass
91,22.5,20.5,21.5,92.4,61.5,50.7,Pass
87,18.9,19.0,18.95,60.4,84.5,49.9,Pass
81,14.7,12.0,13.35,83.1,68.4,36.2,Pass
73,10.4,15.0,12.7,79.9,86.3,24.9,Fail
50,9.2,14.3,11.75,82.0,39.8,30.9,Fail
81,11.1,4.7,7.9,67.5,57.0,30.6,At Risk
78,1.1,0.0,0.55,79.7,66.6,21.8,Fail
79,18.2,13.2,15.7,99.0,52.4,43.3,Pass
55,14.5,12.9,13.7,54.6,59.3,34.0,Fail
58,0.0,0.7,0.35,44.8,33.6,15.6,Fail
90,13.7,8.9,11.3,53.4,81.8,28.9,At Risk
74,17.8,15.1,16.45,78.2,47.1,44.7,Pass
85,27.8,24.8,26.3,51.4,74.0,41.1,Pass
75,15.1,16.9,16.0,65.5,85.2,27.9,Fail
75,11.4,12.7,12.05,75.2,72.4,41.0,Pass
